"Status","Start Time","Stop Time","Duration in ms","Parent Suite","Suite","Sub Suite","Test Class","Test Method","Name","Description"
"skipped","Fri Jul 21 09:17:51 CST 2023","Fri Jul 21 09:17:51 CST 2023","0","ict货主查询接口测试包","ict货主查询接口测试模块","货主端查询接口","","","用户中心》权限管理角色管理查询获取","用例描述"
"skipped","Fri Jul 21 09:17:50 CST 2023","Fri Jul 21 09:17:50 CST 2023","0","ict后台查询接口测试包","ict后台查询接口测试模块","后台端查询接口","","","基础档案》运输公司档案获取","用例描述"
"skipped","Fri Jul 21 09:17:50 CST 2023","Fri Jul 21 09:17:50 CST 2023","0","ict后台查询接口测试包","ict后台查询接口测试模块","后台端查询接口","","","系统规则》报表模板设计获取","用例描述"
"skipped","Fri Jul 21 09:17:50 CST 2023","Fri Jul 21 09:17:50 CST 2023","0","ict后台查询接口测试包","ict后台查询接口测试模块","后台端查询接口","","","后台运单管理》路桥费借款表信息查询","用例描述"
"skipped","Fri Jul 21 09:17:51 CST 2023","Fri Jul 21 09:17:51 CST 2023","0","ict运输公司查询接口测试包","ict运输公司查询接口测试模块","运输公司端查询接口","","","费用中心》月账单获取","用例描述"
"skipped","Fri Jul 21 09:17:50 CST 2023","Fri Jul 21 09:17:50 CST 2023","0","ict后台查询接口测试包","ict后台查询接口测试模块","后台端查询接口","","","市场活动》激励卷档案获取","用例描述"
"skipped","Fri Jul 21 09:17:50 CST 2023","Fri Jul 21 09:17:50 CST 2023","0","ict后台查询接口测试包","ict后台查询接口测试模块","后台端查询接口","","","基础档案》标准汇率获取","用例描述"
"skipped","Fri Jul 21 09:17:50 CST 2023","Fri Jul 21 09:17:50 CST 2023","0","ict后台查询接口测试包","ict后台查询接口测试模块","后台端查询接口","","","后台工作看板》集装箱运输查询","用例描述"
"skipped","Fri Jul 21 09:17:50 CST 2023","Fri Jul 21 09:17:50 CST 2023","0","ict后台查询接口测试包","ict后台查询接口测试模块","后台端查询接口","","","系统规则》角色权限分配获取","用例描述"
"skipped","Fri Jul 21 09:17:50 CST 2023","Fri Jul 21 09:17:50 CST 2023","0","ict后台查询接口测试包","ict后台查询接口测试模块","后台端查询接口","","","供应商运单》供应商运单获取","用例描述"
"skipped","Fri Jul 21 09:17:50 CST 2023","Fri Jul 21 09:17:50 CST 2023","0","ict后台查询接口测试包","ict后台查询接口测试模块","后台端查询接口","","","运营策略》分单渠道份额设置获取","用例描述"
"skipped","Fri Jul 21 09:17:50 CST 2023","Fri Jul 21 09:17:50 CST 2023","0","ict后台查询接口测试包","ict后台查询接口测试模块","后台端查询接口","","","后台运单管理》报关管理信息查询","用例描述"
"skipped","Fri Jul 21 09:17:50 CST 2023","Fri Jul 21 09:17:50 CST 2023","0","ict后台查询接口测试包","ict后台查询接口测试模块","后台端查询接口","","","基础档案》运输公司联系人档案获取","用例描述"
"skipped","Fri Jul 21 09:17:50 CST 2023","Fri Jul 21 09:17:50 CST 2023","0","ict后台查询接口测试包","ict后台查询接口测试模块","后台端查询接口","","","认证审核》司机证件变更管理获取","用例描述"
"skipped","Fri Jul 21 09:17:50 CST 2023","Fri Jul 21 09:17:50 CST 2023","0","ict后台查询接口测试包","ict后台查询接口测试模块","后台端查询接口","","","认证审核》车老板审核获取","用例描述"
"skipped","Fri Jul 21 09:17:50 CST 2023","Fri Jul 21 09:17:50 CST 2023","0","ict后台查询接口测试包","ict后台查询接口测试模块","后台端查询接口","","","基础档案》供应商税率档案获取","用例描述"
"skipped","Fri Jul 21 09:17:50 CST 2023","Fri Jul 21 09:17:50 CST 2023","0","ict后台查询接口测试包","ict后台查询接口测试模块","后台端查询接口","","","接口日志》推送日志获取","用例描述"
"skipped","Fri Jul 21 09:17:50 CST 2023","Fri Jul 21 09:17:50 CST 2023","0","ict后台查询接口测试包","ict后台查询接口测试模块","后台端查询接口","","","后台跟踪管理》异常管理查询","用例描述"
"skipped","Fri Jul 21 09:17:50 CST 2023","Fri Jul 21 09:17:50 CST 2023","0","ict后台查询接口测试包","ict后台查询接口测试模块","后台端查询接口","","","基础档案》客服人员分配档案获取","用例描述"
"skipped","Fri Jul 21 09:17:50 CST 2023","Fri Jul 21 09:17:50 CST 2023","0","ict后台查询接口测试包","ict后台查询接口测试模块","后台端查询接口","","","系统规则》通知账号配置获取","用例描述"
"skipped","Fri Jul 21 09:17:50 CST 2023","Fri Jul 21 09:17:50 CST 2023","0","ict后台查询接口测试包","ict后台查询接口测试模块","后台端查询接口","","","系统规则》虚拟账号配置获取","用例描述"
"skipped","Fri Jul 21 09:17:50 CST 2023","Fri Jul 21 09:17:50 CST 2023","0","ict后台查询接口测试包","ict后台查询接口测试模块","后台端查询接口","","","基础档案》开票档案获取","用例描述"
"skipped","Fri Jul 21 09:17:50 CST 2023","Fri Jul 21 09:17:50 CST 2023","0","ict后台查询接口测试包","ict后台查询接口测试模块","后台端查询接口","","","市场活动》营销活动管理获取","用例描述"
"skipped","Fri Jul 21 09:17:50 CST 2023","Fri Jul 21 09:17:50 CST 2023","0","ict后台查询接口测试包","ict后台查询接口测试模块","后台端查询接口","","","基础档案》船公司档案获取","用例描述"
"skipped","Fri Jul 21 09:17:51 CST 2023","Fri Jul 21 09:17:51 CST 2023","0","ict运输公司查询接口测试包","ict运输公司查询接口测试模块","运输公司端查询接口","","","运单管理》车辆档案获取","用例描述"
"skipped","Fri Jul 21 09:17:50 CST 2023","Fri Jul 21 09:17:50 CST 2023","0","ict后台查询接口测试包","ict后台查询接口测试模块","后台端查询接口","","","消息》进度消息获取","用例描述"
"skipped","Fri Jul 21 09:17:50 CST 2023","Fri Jul 21 09:17:50 CST 2023","0","ict后台查询接口测试包","ict后台查询接口测试模块","后台端查询接口","","","认证审核》个人司机认证获取","用例描述"
"skipped","Fri Jul 21 09:17:50 CST 2023","Fri Jul 21 09:17:50 CST 2023","0","ict后台查询接口测试包","ict后台查询接口测试模块","后台端查询接口","","","用户设置》常用输出模板获取","用例描述"
"skipped","Fri Jul 21 09:17:50 CST 2023","Fri Jul 21 09:17:50 CST 2023","0","ict后台查询接口测试包","ict后台查询接口测试模块","后台端查询接口","","","基础档案》货主联系人档案获取","用例描述"
"skipped","Fri Jul 21 09:17:50 CST 2023","Fri Jul 21 09:17:50 CST 2023","0","ict后台查询接口测试包","ict后台查询接口测试模块","后台端查询接口","","","运营策略》计划中心获取","用例描述"
"skipped","Fri Jul 21 09:17:50 CST 2023","Fri Jul 21 09:17:50 CST 2023","0","ict后台查询接口测试包","ict后台查询接口测试模块","后台端查询接口","","","报价管理》司机监理报价获取","用例描述"
"skipped","Fri Jul 21 09:17:50 CST 2023","Fri Jul 21 09:17:50 CST 2023","0","ict登录接口测试包","ict登录t接口测试模块","各端登录接口","","","后台端登录接口","用例描述"
"skipped","Fri Jul 21 09:17:50 CST 2023","Fri Jul 21 09:17:50 CST 2023","0","ict后台查询接口测试包","ict后台查询接口测试模块","后台端查询接口","","","后台工作看板》厢式车运输查询","用例描述"
"skipped","Fri Jul 21 09:17:51 CST 2023","Fri Jul 21 09:17:51 CST 2023","0","ict运输公司查询接口测试包","ict运输公司查询接口测试模块","运输公司端查询接口","","","excel报表》excel报表获取","用例描述"
"skipped","Fri Jul 21 09:17:50 CST 2023","Fri Jul 21 09:17:50 CST 2023","0","ict登录接口测试包","ict登录t接口测试模块","各端登录接口","","","运输公司端登录接口","用例描述"
"skipped","Fri Jul 21 09:17:50 CST 2023","Fri Jul 21 09:17:50 CST 2023","0","ict后台查询接口测试包","ict后台查询接口测试模块","后台端查询接口","","","后台跟踪管理》集装箱运输查询","用例描述"
"skipped","Fri Jul 21 09:17:50 CST 2023","Fri Jul 21 09:17:50 CST 2023","0","ict后台查询接口测试包","ict后台查询接口测试模块","后台端查询接口","","","应收管理》应收费用制作","用例描述"
"skipped","Fri Jul 21 09:17:50 CST 2023","Fri Jul 21 09:17:50 CST 2023","0","ict后台查询接口测试包","ict后台查询接口测试模块","后台端查询接口","","","认证审核》运输公司认证获取","用例描述"
"skipped","Fri Jul 21 09:17:50 CST 2023","Fri Jul 21 09:17:50 CST 2023","0","ict后台查询接口测试包","ict后台查询接口测试模块","后台端查询接口","","","系统规则》邮箱接收日志获取","用例描述"
"skipped","Fri Jul 21 09:17:50 CST 2023","Fri Jul 21 09:17:50 CST 2023","0","ict后台查询接口测试包","ict后台查询接口测试模块","后台端查询接口","","","运营策略》接单中心获取","用例描述"
"skipped","Fri Jul 21 09:17:51 CST 2023","Fri Jul 21 09:17:51 CST 2023","0","ict货主查询接口测试包","ict货主查询接口测试模块","货主端查询接口","","","档案管理》结算信息档案查询获取","用例描述"
"skipped","Fri Jul 21 09:17:50 CST 2023","Fri Jul 21 09:17:50 CST 2023","0","ict后台查询接口测试包","ict后台查询接口测试模块","后台端查询接口","","","后台货源大厅》货源大厅订单管理查询","用例描述"
"skipped","Fri Jul 21 09:17:50 CST 2023","Fri Jul 21 09:17:50 CST 2023","0","ict后台查询接口测试包","ict后台查询接口测试模块","后台端查询接口","","","运营策略》调度中心获取","用例描述"
"skipped","Fri Jul 21 09:17:51 CST 2023","Fri Jul 21 09:17:51 CST 2023","0","ict货主查询接口测试包","ict货主查询接口测试模块","货主端查询接口","","","档案管理》收发货人查询获取","用例描述"
"skipped","Fri Jul 21 09:17:50 CST 2023","Fri Jul 21 09:17:50 CST 2023","0","ict后台查询接口测试包","ict后台查询接口测试模块","后台端查询接口","","","后台跟踪管理》监理管理查询","用例描述"
"skipped","Fri Jul 21 09:17:50 CST 2023","Fri Jul 21 09:17:50 CST 2023","0","ict后台查询接口测试包","ict后台查询接口测试模块","后台端查询接口","","","消息》系统消息》发信箱获取","用例描述"
"skipped","Fri Jul 21 09:17:50 CST 2023","Fri Jul 21 09:17:50 CST 2023","0","ict后台查询接口测试包","ict后台查询接口测试模块","后台端查询接口","","","后台运单管理》计划管理集装箱查询","用例描述"
"skipped","Fri Jul 21 09:17:50 CST 2023","Fri Jul 21 09:17:50 CST 2023","0","ict后台查询接口测试包","ict后台查询接口测试模块","后台端查询接口","","","系统规则》用户数据权限分配获取","用例描述"
"skipped","Fri Jul 21 09:17:51 CST 2023","Fri Jul 21 09:17:51 CST 2023","0","ict货主查询接口测试包","ict货主查询接口测试模块","货主端查询接口","","","订单管理》订单管理查询获取","用例描述"
"skipped","Fri Jul 21 09:17:50 CST 2023","Fri Jul 21 09:17:50 CST 2023","0","ict后台查询接口测试包","ict后台查询接口测试模块","后台端查询接口","","","基础档案》费用项档案获取","用例描述"
"skipped","Fri Jul 21 09:17:51 CST 2023","Fri Jul 21 09:17:51 CST 2023","0","ict运输公司查询接口测试包","ict运输公司查询接口测试模块","运输公司端查询接口","","","权限管理》用户管理获取","用例描述"
"skipped","Fri Jul 21 09:17:50 CST 2023","Fri Jul 21 09:17:50 CST 2023","0","ict后台查询接口测试包","ict后台查询接口测试模块","后台端查询接口","","","用户设置》默认输出模板获取","用例描述"
"skipped","Fri Jul 21 09:17:50 CST 2023","Fri Jul 21 09:17:50 CST 2023","0","ict后台查询接口测试包","ict后台查询接口测试模块","后台端查询接口","","","应收管理》对账单合计数据获取","用例描述"
"skipped","Fri Jul 21 09:17:51 CST 2023","Fri Jul 21 09:17:51 CST 2023","0","ict货主查询接口测试包","ict货主查询接口测试模块","货主端查询接口","","","用户中心》账号交易充值记录查询获取","用例描述"
"skipped","Fri Jul 21 09:17:50 CST 2023","Fri Jul 21 09:17:50 CST 2023","0","ict后台查询接口测试包","ict后台查询接口测试模块","后台端查询接口","","","系统规则》模板制作获取","用例描述"
"skipped","Fri Jul 21 09:17:50 CST 2023","Fri Jul 21 09:17:50 CST 2023","0","ict后台查询接口测试包","ict后台查询接口测试模块","后台端查询接口","","","消息》WEB消息订阅获取","用例描述"
"skipped","Fri Jul 21 09:17:51 CST 2023","Fri Jul 21 09:17:51 CST 2023","0","ict货主查询接口测试包","ict货主查询接口测试模块","货主端查询接口","","","询价管理》询价管理查询获取","用例描述"
"skipped","Fri Jul 21 09:17:50 CST 2023","Fri Jul 21 09:17:50 CST 2023","0","ict后台查询接口测试包","ict后台查询接口测试模块","后台端查询接口","","","报价管理》职业监理报价获取","用例描述"
"skipped","Fri Jul 21 09:17:50 CST 2023","Fri Jul 21 09:17:50 CST 2023","0","ict后台查询接口测试包","ict后台查询接口测试模块","后台端查询接口","","","报价管理》自有司机报价获取","用例描述"
"skipped","Fri Jul 21 09:17:50 CST 2023","Fri Jul 21 09:17:50 CST 2023","0","ict后台查询接口测试包","ict后台查询接口测试模块","后台端查询接口","","","基础档案》个体司机税率档案获取","用例描述"
"skipped","Fri Jul 21 09:17:50 CST 2023","Fri Jul 21 09:17:50 CST 2023","0","ict后台查询接口测试包","ict后台查询接口测试模块","后台端查询接口","","","系统规则》系统配置获取","用例描述"
"skipped","Fri Jul 21 09:17:51 CST 2023","Fri Jul 21 09:17:51 CST 2023","0","ict货主查询接口测试包","ict货主查询接口测试模块","货主端查询接口","","","费用中心》应付账单查询获取","用例描述"
"skipped","Fri Jul 21 09:17:50 CST 2023","Fri Jul 21 09:17:50 CST 2023","0","ict后台查询接口测试包","ict后台查询接口测试模块","后台端查询接口","","","基础档案》监理档案获取","用例描述"
"skipped","Fri Jul 21 09:17:50 CST 2023","Fri Jul 21 09:17:50 CST 2023","0","ict后台查询接口测试包","ict后台查询接口测试模块","后台端查询接口","","","标准档案》内部档案获取","用例描述"
"skipped","Fri Jul 21 09:17:51 CST 2023","Fri Jul 21 09:17:51 CST 2023","0","ict货主查询接口测试包","ict货主查询接口测试模块","货主端查询接口","","","费用中心》费用查询获取","用例描述"
"skipped","Fri Jul 21 09:17:50 CST 2023","Fri Jul 21 09:17:50 CST 2023","0","ict后台查询接口测试包","ict后台查询接口测试模块","后台端查询接口","","","报价管理》货主市场报价获取","用例描述"
"skipped","Fri Jul 21 09:17:51 CST 2023","Fri Jul 21 09:17:51 CST 2023","0","ict货主查询接口测试包","ict货主查询接口测试模块","货主端查询接口","","","查询报价》厢式车运输报价获取","用例描述"
"skipped","Fri Jul 21 09:17:50 CST 2023","Fri Jul 21 09:17:50 CST 2023","0","ict后台查询接口测试包","ict后台查询接口测试模块","后台端查询接口","","","认证审核》货主认证审核获取","用例描述"
"skipped","Fri Jul 21 09:17:50 CST 2023","Fri Jul 21 09:17:50 CST 2023","0","ict后台查询接口测试包","ict后台查询接口测试模块","后台端查询接口","","","系统规则》内容管理获取","用例描述"
"skipped","Fri Jul 21 09:17:50 CST 2023","Fri Jul 21 09:17:50 CST 2023","0","ict后台查询接口测试包","ict后台查询接口测试模块","后台端查询接口","","","运营策略》区域规划获取","用例描述"
"skipped","Fri Jul 21 09:17:50 CST 2023","Fri Jul 21 09:17:50 CST 2023","0","ict后台查询接口测试包","ict后台查询接口测试模块","后台端查询接口","","","后台文件管理》文件管理查询","用例描述"
"skipped","Fri Jul 21 09:17:50 CST 2023","Fri Jul 21 09:17:50 CST 2023","0","ict后台查询接口测试包","ict后台查询接口测试模块","后台端查询接口","","","推广活动》推广活动档案获取","用例描述"
"skipped","Fri Jul 21 09:17:50 CST 2023","Fri Jul 21 09:17:50 CST 2023","0","ict后台查询接口测试包","ict后台查询接口测试模块","后台端查询接口","","","标准档案》系统字典获取","用例描述"
"skipped","Fri Jul 21 09:17:50 CST 2023","Fri Jul 21 09:17:50 CST 2023","0","ict后台查询接口测试包","ict后台查询接口测试模块","后台端查询接口","","","通知》邮件日志获取","用例描述"
"skipped","Fri Jul 21 09:17:51 CST 2023","Fri Jul 21 09:17:51 CST 2023","0","ict货主查询接口测试包","ict货主查询接口测试模块","货主端查询接口","","","费用中心》月账单查询获取","用例描述"
"skipped","Fri Jul 21 09:17:50 CST 2023","Fri Jul 21 09:17:50 CST 2023","0","ict后台查询接口测试包","ict后台查询接口测试模块","后台端查询接口","","","报价管理》附加费获取","用例描述"
"skipped","Fri Jul 21 09:17:50 CST 2023","Fri Jul 21 09:17:50 CST 2023","0","ict后台查询接口测试包","ict后台查询接口测试模块","后台端查询接口","","","后台工作看板》坪山项目日报表","用例描述"
"skipped","Fri Jul 21 09:17:50 CST 2023","Fri Jul 21 09:17:50 CST 2023","0","ict后台查询接口测试包","ict后台查询接口测试模块","后台端查询接口","","","后台工作看板》客户数据","用例描述"
"skipped","Fri Jul 21 09:17:50 CST 2023","Fri Jul 21 09:17:50 CST 2023","0","ict后台查询接口测试包","ict后台查询接口测试模块","后台端查询接口","","","基础档案》客户税率档案获取","用例描述"
"skipped","Fri Jul 21 09:17:51 CST 2023","Fri Jul 21 09:17:51 CST 2023","0","ict货主查询接口测试包","ict货主查询接口测试模块","货主端查询接口","","","用户中心》权限管理用户管理查询获取","用例描述"
"skipped","Fri Jul 21 09:17:50 CST 2023","Fri Jul 21 09:17:50 CST 2023","0","ict后台查询接口测试包","ict后台查询接口测试模块","后台端查询接口","","","运营策略》装载量策略获取","用例描述"
"skipped","Fri Jul 21 09:17:50 CST 2023","Fri Jul 21 09:17:50 CST 2023","0","ict后台查询接口测试包","ict后台查询接口测试模块","后台端查询接口","","","智能分析》Excel获取","用例描述"
"skipped","Fri Jul 21 09:17:50 CST 2023","Fri Jul 21 09:17:50 CST 2023","0","ict后台查询接口测试包","ict后台查询接口测试模块","后台端查询接口","","","市场活动》营销活动分析获取","用例描述"
"skipped","Fri Jul 21 09:17:50 CST 2023","Fri Jul 21 09:17:50 CST 2023","0","ict后台查询接口测试包","ict后台查询接口测试模块","后台端查询接口","","","报价管理》货主合同报价获取","用例描述"
"skipped","Fri Jul 21 09:17:51 CST 2023","Fri Jul 21 09:17:51 CST 2023","0","ict货主查询接口测试包","ict货主查询接口测试模块","货主端查询接口","","","查询报价》集装箱进口运输报价获取","用例描述"
"skipped","Fri Jul 21 09:17:50 CST 2023","Fri Jul 21 09:17:50 CST 2023","0","ict后台查询接口测试包","ict后台查询接口测试模块","后台端查询接口","","","基础档案》货主档案获取","用例描述"
"skipped","Fri Jul 21 09:17:50 CST 2023","Fri Jul 21 09:17:50 CST 2023","0","ict后台查询接口测试包","ict后台查询接口测试模块","后台端查询接口","","","系统规则》表单号设置获取","用例描述"
"skipped","Fri Jul 21 09:17:50 CST 2023","Fri Jul 21 09:17:50 CST 2023","0","ict后台查询接口测试包","ict后台查询接口测试模块","后台端查询接口","","","消息》业务消息》收信箱获取","用例描述"
"skipped","Fri Jul 21 09:17:51 CST 2023","Fri Jul 21 09:17:51 CST 2023","0","ict货主查询接口测试包","ict货主查询接口测试模块","货主端查询接口","","","用户中心》咨询投诉查询获取","用例描述"
"skipped","Fri Jul 21 09:17:50 CST 2023","Fri Jul 21 09:17:50 CST 2023","0","ict后台查询接口测试包","ict后台查询接口测试模块","后台端查询接口","","","通知》微信日志获取","用例描述"
"skipped","Fri Jul 21 09:17:50 CST 2023","Fri Jul 21 09:17:50 CST 2023","0","ict后台查询接口测试包","ict后台查询接口测试模块","后台端查询接口","","","应收管理》应收改单数据获取","用例描述"
"skipped","Fri Jul 21 09:17:50 CST 2023","Fri Jul 21 09:17:50 CST 2023","0","ict后台查询接口测试包","ict后台查询接口测试模块","后台端查询接口","","","应付管理》应付改单查询","用例描述"
"skipped","Fri Jul 21 09:17:50 CST 2023","Fri Jul 21 09:17:50 CST 2023","0","ict后台查询接口测试包","ict后台查询接口测试模块","后台端查询接口","","","后台运单管理》调度管理厢式车查询","用例描述"
"skipped","Fri Jul 21 09:17:50 CST 2023","Fri Jul 21 09:17:50 CST 2023","0","ict后台查询接口测试包","ict后台查询接口测试模块","后台端查询接口","","","后台工作看板》客户结算方式数据","用例描述"
"skipped","Fri Jul 21 09:17:51 CST 2023","Fri Jul 21 09:17:51 CST 2023","0","ict运输公司查询接口测试包","ict运输公司查询接口测试模块","运输公司端查询接口","","","excel报表》订阅计划获取","用例描述"
"skipped","Fri Jul 21 09:17:50 CST 2023","Fri Jul 21 09:17:50 CST 2023","0","ict后台查询接口测试包","ict后台查询接口测试模块","后台端查询接口","","","应收管理》应收票结账单","用例描述"
"skipped","Fri Jul 21 09:17:51 CST 2023","Fri Jul 21 09:17:51 CST 2023","0","ict货主查询接口测试包","ict货主查询接口测试模块","货主端查询接口","","","用户中心》账号交易提现记录查询获取","用例描述"
"skipped","Fri Jul 21 09:17:50 CST 2023","Fri Jul 21 09:17:50 CST 2023","0","ict后台查询接口测试包","ict后台查询接口测试模块","后台端查询接口","","","市场活动》红包每日汇总提现列表获取","用例描述"
"skipped","Fri Jul 21 09:17:50 CST 2023","Fri Jul 21 09:17:50 CST 2023","0","ict后台查询接口测试包","ict后台查询接口测试模块","后台端查询接口","","","应付管理》应付费用制作查询","用例描述"
"skipped","Fri Jul 21 09:17:50 CST 2023","Fri Jul 21 09:17:50 CST 2023","0","ict后台查询接口测试包","ict后台查询接口测试模块","后台端查询接口","","","基础档案》司机档案获取","用例描述"
"skipped","Fri Jul 21 09:17:50 CST 2023","Fri Jul 21 09:17:50 CST 2023","0","ict后台查询接口测试包","ict后台查询接口测试模块","后台端查询接口","","","后台运单管理》计划管理厢式车查询","用例描述"
"skipped","Fri Jul 21 09:17:50 CST 2023","Fri Jul 21 09:17:50 CST 2023","0","ict后台查询接口测试包","ict后台查询接口测试模块","后台端查询接口","","","报价管理》服务类型报价说明","用例描述"
"skipped","Fri Jul 21 09:17:50 CST 2023","Fri Jul 21 09:17:50 CST 2023","0","ict后台查询接口测试包","ict后台查询接口测试模块","后台端查询接口","","","系统规则》短信模板获取","用例描述"
"skipped","Fri Jul 21 09:17:50 CST 2023","Fri Jul 21 09:17:50 CST 2023","0","ict后台查询接口测试包","ict后台查询接口测试模块","后台端查询接口","","","运营策略》项目管控获取","用例描述"
"skipped","Fri Jul 21 09:17:51 CST 2023","Fri Jul 21 09:17:51 CST 2023","0","ict运输公司查询接口测试包","ict运输公司查询接口测试模块","运输公司端查询接口","","","用户中心》基础信息获取","用例描述"
"skipped","Fri Jul 21 09:17:50 CST 2023","Fri Jul 21 09:17:50 CST 2023","0","ict后台查询接口测试包","ict后台查询接口测试模块","后台端查询接口","","","认证审核》司机证件监控列表获取","用例描述"
"skipped","Fri Jul 21 09:17:51 CST 2023","Fri Jul 21 09:17:51 CST 2023","0","ict运输公司查询接口测试包","ict运输公司查询接口测试模块","运输公司端查询接口","","","用户中心》角色管理获取","用例描述"
"skipped","Fri Jul 21 09:17:50 CST 2023","Fri Jul 21 09:17:50 CST 2023","0","ict后台查询接口测试包","ict后台查询接口测试模块","后台端查询接口","","","报价管理》运输公司合同报价获取","用例描述"
"skipped","Fri Jul 21 09:17:50 CST 2023","Fri Jul 21 09:17:50 CST 2023","0","ict后台查询接口测试包","ict后台查询接口测试模块","后台端查询接口","","","基础档案》客户汇率获取","用例描述"
"skipped","Fri Jul 21 09:17:50 CST 2023","Fri Jul 21 09:17:50 CST 2023","0","ict后台查询接口测试包","ict后台查询接口测试模块","后台端查询接口","","","系统规则》邮箱配置获取","用例描述"
"skipped","Fri Jul 21 09:17:51 CST 2023","Fri Jul 21 09:17:51 CST 2023","0","ict运输公司查询接口测试包","ict运输公司查询接口测试模块","运输公司端查询接口","","","运单管理》厢式车运输获取","用例描述"
"skipped","Fri Jul 21 09:17:50 CST 2023","Fri Jul 21 09:17:50 CST 2023","0","ict后台查询接口测试包","ict后台查询接口测试模块","后台端查询接口","","","接口日志》接收日志获取","用例描述"
"skipped","Fri Jul 21 09:17:50 CST 2023","Fri Jul 21 09:17:50 CST 2023","0","ict后台查询接口测试包","ict后台查询接口测试模块","后台端查询接口","","","运营策略》线路范围设置获取","用例描述"
"skipped","Fri Jul 21 09:17:50 CST 2023","Fri Jul 21 09:17:50 CST 2023","0","ict后台查询接口测试包","ict后台查询接口测试模块","后台端查询接口","","","认证审核》货主提额管理获取","用例描述"
"skipped","Fri Jul 21 09:17:50 CST 2023","Fri Jul 21 09:17:50 CST 2023","0","ict后台查询接口测试包","ict后台查询接口测试模块","后台端查询接口","","","后台运单管理》路桥费维护表信息查询","用例描述"
"skipped","Fri Jul 21 09:17:50 CST 2023","Fri Jul 21 09:17:50 CST 2023","0","ict后台查询接口测试包","ict后台查询接口测试模块","后台端查询接口","","","基础档案》二级客户获取","用例描述"
"skipped","Fri Jul 21 09:17:50 CST 2023","Fri Jul 21 09:17:50 CST 2023","0","ict后台查询接口测试包","ict后台查询接口测试模块","后台端查询接口","","","货主交易日志》提现日志获取","用例描述"
"skipped","Fri Jul 21 09:17:50 CST 2023","Fri Jul 21 09:17:50 CST 2023","0","ict后台查询接口测试包","ict后台查询接口测试模块","后台端查询接口","","","系统规则》接口接收设置获取","用例描述"
"skipped","Fri Jul 21 09:17:50 CST 2023","Fri Jul 21 09:17:50 CST 2023","0","ict后台查询接口测试包","ict后台查询接口测试模块","后台端查询接口","","","应收管理》待生成对账单数据获取","用例描述"
"skipped","Fri Jul 21 09:17:50 CST 2023","Fri Jul 21 09:17:50 CST 2023","0","ict后台查询接口测试包","ict后台查询接口测试模块","后台端查询接口","","","组织档案》组织机构获取","用例描述"
"skipped","Fri Jul 21 09:17:50 CST 2023","Fri Jul 21 09:17:50 CST 2023","0","ict后台查询接口测试包","ict后台查询接口测试模块","后台端查询接口","","","后台工作看板》供应商数据","用例描述"
"skipped","Fri Jul 21 09:17:51 CST 2023","Fri Jul 21 09:17:51 CST 2023","0","ict货主查询接口测试包","ict货主查询接口测试模块","货主端查询接口","","","费用中心》应收发票查询获取","用例描述"
"skipped","Fri Jul 21 09:17:50 CST 2023","Fri Jul 21 09:17:50 CST 2023","0","ict后台查询接口测试包","ict后台查询接口测试模块","后台端查询接口","","","系统规则》用户角色分配获取","用例描述"
"skipped","Fri Jul 21 09:17:50 CST 2023","Fri Jul 21 09:17:50 CST 2023","0","ict后台查询接口测试包","ict后台查询接口测试模块","后台端查询接口","","","后台工作看板》订单录入查询》危险品出口","用例描述"
"skipped","Fri Jul 21 09:17:50 CST 2023","Fri Jul 21 09:17:50 CST 2023","0","ict后台查询接口测试包","ict后台查询接口测试模块","后台端查询接口","","","运营策略》每日产表维护表获取","用例描述"
"skipped","Fri Jul 21 09:17:50 CST 2023","Fri Jul 21 09:17:50 CST 2023","0","ict后台查询接口测试包","ict后台查询接口测试模块","后台端查询接口","","","报价管理》司机市场报价获取","用例描述"
"skipped","Fri Jul 21 09:17:50 CST 2023","Fri Jul 21 09:17:50 CST 2023","0","ict后台查询接口测试包","ict后台查询接口测试模块","后台端查询接口","","","标准档案》车辆档案获取","用例描述"
"skipped","Fri Jul 21 09:17:50 CST 2023","Fri Jul 21 09:17:50 CST 2023","0","ict后台查询接口测试包","ict后台查询接口测试模块","后台端查询接口","","","组织档案》用户档案获取","用例描述"
"skipped","Fri Jul 21 09:17:50 CST 2023","Fri Jul 21 09:17:50 CST 2023","0","ict后台查询接口测试包","ict后台查询接口测试模块","后台端查询接口","","","通知》短信日志获取","用例描述"
"skipped","Fri Jul 21 09:17:51 CST 2023","Fri Jul 21 09:17:51 CST 2023","0","ict货主查询接口测试包","ict货主查询接口测试模块","货主端查询接口","","","档案管理》合同报价查询获取","用例描述"
"skipped","Fri Jul 21 09:17:50 CST 2023","Fri Jul 21 09:17:50 CST 2023","0","ict后台查询接口测试包","ict后台查询接口测试模块","后台端查询接口","","","后台跟踪管理》报关管理查询","用例描述"
"skipped","Fri Jul 21 09:17:50 CST 2023","Fri Jul 21 09:17:50 CST 2023","0","ict后台查询接口测试包","ict后台查询接口测试模块","后台端查询接口","","","系统规则》Excel配置库获取","用例描述"
"skipped","Fri Jul 21 09:17:50 CST 2023","Fri Jul 21 09:17:50 CST 2023","0","ict后台查询接口测试包","ict后台查询接口测试模块","后台端查询接口","","","推广活动》推广汇总列表获取","用例描述"
"skipped","Fri Jul 21 09:17:50 CST 2023","Fri Jul 21 09:17:50 CST 2023","0","ict后台查询接口测试包","ict后台查询接口测试模块","后台端查询接口","","","后台配载计划》查询","用例描述"
"skipped","Fri Jul 21 09:17:50 CST 2023","Fri Jul 21 09:17:50 CST 2023","0","ict后台查询接口测试包","ict后台查询接口测试模块","后台端查询接口","","","后台运单管理》调度管理集装箱查询","用例描述"
"skipped","Fri Jul 21 09:17:50 CST 2023","Fri Jul 21 09:17:50 CST 2023","0","ict后台查询接口测试包","ict后台查询接口测试模块","后台端查询接口","","","系统规则》服务类型节点设置获取","用例描述"
"skipped","Fri Jul 21 09:17:50 CST 2023","Fri Jul 21 09:17:50 CST 2023","0","ict后台查询接口测试包","ict后台查询接口测试模块","后台端查询接口","","","消息》业务消息》发信箱获取","用例描述"
"skipped","Fri Jul 21 09:17:50 CST 2023","Fri Jul 21 09:17:50 CST 2023","0","ict后台查询接口测试包","ict后台查询接口测试模块","后台端查询接口","","","运营策略》自动分单规则列表获取","用例描述"
"skipped","Fri Jul 21 09:17:50 CST 2023","Fri Jul 21 09:17:50 CST 2023","0","ict后台查询接口测试包","ict后台查询接口测试模块","后台端查询接口","","","后台工作看板》个体司机数据","用例描述"
"skipped","Fri Jul 21 09:17:50 CST 2023","Fri Jul 21 09:17:50 CST 2023","0","ict后台查询接口测试包","ict后台查询接口测试模块","后台端查询接口","","","后台跟踪管理》厢式车运输查询","用例描述"
"skipped","Fri Jul 21 09:17:50 CST 2023","Fri Jul 21 09:17:50 CST 2023","0","ict后台查询接口测试包","ict后台查询接口测试模块","后台端查询接口","","","运营策略》应付额外费用审核配置获取","用例描述"
"skipped","Fri Jul 21 09:17:51 CST 2023","Fri Jul 21 09:17:51 CST 2023","0","ict运输公司查询接口测试包","ict运输公司查询接口测试模块","运输公司端查询接口","","","运单管理》司机档案获取","用例描述"
"skipped","Fri Jul 21 09:17:50 CST 2023","Fri Jul 21 09:17:50 CST 2023","0","ict后台查询接口测试包","ict后台查询接口测试模块","后台端查询接口","","","运营策略》客户文件配置管理获取","用例描述"
"skipped","Fri Jul 21 09:17:50 CST 2023","Fri Jul 21 09:17:50 CST 2023","0","ict后台查询接口测试包","ict后台查询接口测试模块","后台端查询接口","","","后台工作看板》平台管理数据","用例描述"
"skipped","Fri Jul 21 09:17:50 CST 2023","Fri Jul 21 09:17:50 CST 2023","0","ict后台查询接口测试包","ict后台查询接口测试模块","后台端查询接口","","","推广活动》推广奖励明细列表获取","用例描述"
"skipped","Fri Jul 21 09:17:50 CST 2023","Fri Jul 21 09:17:50 CST 2023","0","ict后台查询接口测试包","ict后台查询接口测试模块","后台端查询接口","","","市场活动》司机收入提现列表获取","用例描述"
"skipped","Fri Jul 21 09:17:50 CST 2023","Fri Jul 21 09:17:50 CST 2023","0","ict后台查询接口测试包","ict后台查询接口测试模块","后台端查询接口","","","运营策略》拆子任务规则获取","用例描述"
"skipped","Fri Jul 21 09:17:50 CST 2023","Fri Jul 21 09:17:50 CST 2023","0","ict后台查询接口测试包","ict后台查询接口测试模块","后台端查询接口","","","智能分析》订阅计划获取","用例描述"
"skipped","Fri Jul 21 09:17:51 CST 2023","Fri Jul 21 09:17:51 CST 2023","0","ict运输公司查询接口测试包","ict运输公司查询接口测试模块","运输公司端查询接口","","","运单管理》集装箱运输获取","用例描述"
"skipped","Fri Jul 21 09:17:50 CST 2023","Fri Jul 21 09:17:50 CST 2023","0","ict后台查询接口测试包","ict后台查询接口测试模块","后台端查询接口","","","基础档案》车辆档案获取","用例描述"
"skipped","Fri Jul 21 09:17:51 CST 2023","Fri Jul 21 09:17:51 CST 2023","0","ict货主查询接口测试包","ict货主查询接口测试模块","货主端查询接口","","","档案管理》联系人档案查询获取","用例描述"
"skipped","Fri Jul 21 09:17:50 CST 2023","Fri Jul 21 09:17:50 CST 2023","0","ict后台查询接口测试包","ict后台查询接口测试模块","后台端查询接口","","","报价管理》服务类型港口报价说明","用例描述"
"skipped","Fri Jul 21 09:17:50 CST 2023","Fri Jul 21 09:17:50 CST 2023","0","ict后台查询接口测试包","ict后台查询接口测试模块","后台端查询接口","","","基础档案》对账单发票档案获取","用例描述"
"skipped","Fri Jul 21 09:17:50 CST 2023","Fri Jul 21 09:17:50 CST 2023","0","ict后台查询接口测试包","ict后台查询接口测试模块","后台端查询接口","","","消息》系统消息》收信箱获取","用例描述"
"skipped","Fri Jul 21 09:17:50 CST 2023","Fri Jul 21 09:17:50 CST 2023","0","ict后台查询接口测试包","ict后台查询接口测试模块","后台端查询接口","","","应收管理》应收发票管理","用例描述"
"skipped","Fri Jul 21 09:17:50 CST 2023","Fri Jul 21 09:17:50 CST 2023","0","ict后台查询接口测试包","ict后台查询接口测试模块","后台端查询接口","","","应收管理》应收月结账单","用例描述"
"skipped","Fri Jul 21 09:17:50 CST 2023","Fri Jul 21 09:17:50 CST 2023","0","ict后台查询接口测试包","ict后台查询接口测试模块","后台端查询接口","","","系统规则》接收消息分配获取","用例描述"
"skipped","Fri Jul 21 09:17:51 CST 2023","Fri Jul 21 09:17:51 CST 2023","0","ict货主查询接口测试包","ict货主查询接口测试模块","货主端查询接口","","","智能分析》Excel报表查询获取","用例描述"
"skipped","Fri Jul 21 09:17:50 CST 2023","Fri Jul 21 09:17:50 CST 2023","0","ict后台查询接口测试包","ict后台查询接口测试模块","后台端查询接口","","","跟进管理》操作日志","用例描述"
"skipped","Fri Jul 21 09:17:50 CST 2023","Fri Jul 21 09:17:50 CST 2023","0","ict后台查询接口测试包","ict后台查询接口测试模块","后台端查询接口","","","运营策略》通用设置获取","用例描述"
"skipped","Fri Jul 21 09:17:50 CST 2023","Fri Jul 21 09:17:50 CST 2023","0","ict后台查询接口测试包","ict后台查询接口测试模块","后台端查询接口","","","基础档案》自有车税率档案获取","用例描述"
"skipped","Fri Jul 21 09:17:50 CST 2023","Fri Jul 21 09:17:50 CST 2023","0","ict后台查询接口测试包","ict后台查询接口测试模块","后台端查询接口","","","后台运单管理》监理管理信息查询","用例描述"
"skipped","Fri Jul 21 09:17:50 CST 2023","Fri Jul 21 09:17:50 CST 2023","0","ict后台查询接口测试包","ict后台查询接口测试模块","后台端查询接口","","","运营策略》实际产值优惠表获取","用例描述"
"skipped","Fri Jul 21 09:17:50 CST 2023","Fri Jul 21 09:17:50 CST 2023","0","ict后台查询接口测试包","ict后台查询接口测试模块","后台端查询接口","","","咨询投诉列表","用例描述"
"skipped","Fri Jul 21 09:17:50 CST 2023","Fri Jul 21 09:17:50 CST 2023","0","ict后台查询接口测试包","ict后台查询接口测试模块","后台端查询接口","","","应付管理》应付月结账单查询","用例描述"
"skipped","Fri Jul 21 09:17:50 CST 2023","Fri Jul 21 09:17:50 CST 2023","0","ict后台查询接口测试包","ict后台查询接口测试模块","后台端查询接口","","","系统规则》邮箱接收配置获取","用例描述"
"skipped","Fri Jul 21 09:17:50 CST 2023","Fri Jul 21 09:17:50 CST 2023","0","ict登录接口测试包","ict登录t接口测试模块","各端登录接口","","","货主端登录接口","用例描述"
"skipped","Fri Jul 21 09:17:50 CST 2023","Fri Jul 21 09:17:50 CST 2023","0","ict货主查询接口测试包","ict货主查询接口测试模块","货主端查询接口","","","查询报价》集装箱出口运输报价获取","用例描述"
"skipped","Fri Jul 21 09:17:50 CST 2023","Fri Jul 21 09:17:50 CST 2023","0","ict后台查询接口测试包","ict后台查询接口测试模块","后台端查询接口","","","后台运单管理》出车表信息查询","用例描述"
"skipped","Fri Jul 21 09:17:50 CST 2023","Fri Jul 21 09:17:50 CST 2023","0","ict后台查询接口测试包","ict后台查询接口测试模块","后台端查询接口","","","系统规则》币种设置获取","用例描述"
"skipped","Fri Jul 21 09:17:51 CST 2023","Fri Jul 21 09:17:51 CST 2023","0","ict运输公司查询接口测试包","ict运输公司查询接口测试模块","运输公司端查询接口","","","用户中心》咨询投诉获取","用例描述"
"skipped","Fri Jul 21 09:17:50 CST 2023","Fri Jul 21 09:17:50 CST 2023","0","ict后台查询接口测试包","ict后台查询接口测试模块","后台端查询接口","","","推广活动》推广发放列表获取","用例描述"
"skipped","Fri Jul 21 09:17:50 CST 2023","Fri Jul 21 09:17:50 CST 2023","0","ict后台查询接口测试包","ict后台查询接口测试模块","后台端查询接口","","","货主交易日志》充值日志获取","用例描述"
"skipped","Fri Jul 21 09:17:50 CST 2023","Fri Jul 21 09:17:50 CST 2023","0","ict后台查询接口测试包","ict后台查询接口测试模块","后台端查询接口","","","基础档案》收发货人档案获取","用例描述"
"skipped","Fri Jul 21 09:17:50 CST 2023","Fri Jul 21 09:17:50 CST 2023","0","ict后台查询接口测试包","ict后台查询接口测试模块","后台端查询接口","","","运营策略》待办预警阈值获取","用例描述"
"skipped","Fri Jul 21 09:17:50 CST 2023","Fri Jul 21 09:17:50 CST 2023","0","ict后台查询接口测试包","ict后台查询接口测试模块","后台端查询接口","","","运营策略》虚拟产值基础表获取","用例描述"
"skipped","Fri Jul 21 09:17:51 CST 2023","Fri Jul 21 09:17:51 CST 2023","0","ict货主查询接口测试包","ict货主查询接口测试模块","货主端查询接口","","","费用中心》对账单查询获取","用例描述"
